_id;index;guid;isActive;balance;picture;age;eyeColor;name;gender;company;email;phone;address;about;registered;latitude;longitude;tags;friends;greeting;favoriteFruit
5e91936d617c639d56d6e40a;0;7fe17eae-c86f-4b99-896a-018636d54f59;True;$1,814.13;http://placehold.it/32x32;33;blue;Britney Cote;female;PANZENT;britneycote@panzent.com;+1 (907) 524-3223;266 Church Lane, Swartzville, Massachusetts, 7719;"Dolore aliquip sint ut proident. Ullamco sit eiusmod laborum ullamco sint adipisicing culpa eu laborum adipisicing nisi consequat non culpa. Dolor est fugiat ad dolore minim irure quis. Minim nulla sit ut elit eiusmod dolor.
";2018-07-24T02:51:54 -06:-30;35.545005;-10.315414;['enim', 'dolor', 'fugiat', 'velit', 'excepteur', 'culpa', 'nisi'];127;Hello, Britney Cote! You have 5 unread messages.;apple
5e91936d0326151699779694;1;b8c92f7e-ca91-4b07-9e49-956ce1f6bebf;False;$3,610.18;http://placehold.it/32x32;35;brown;Miranda Mathis;male;HIVEDOM;mirandamathis@hivedom.com;+1 (952) 533-3545;271 Underhill Avenue, Watchtower, Palau, 7558;"Ut ea dolor cupidatat laboris nulla in anim ex. Aliquip proident Lorem aute magna consectetur anim dolor magna laboris. Anim ut dolor esse aliquip fugiat id esse. Esse occaecat laborum cupidatat deserunt excepteur. Est irure incididunt tempor amet occaecat nulla cillum deserunt ut laboris laborum cillum elit. Nisi adipisicing excepteur excepteur aliqua nostrud exercitation sint sint ipsum eu aliquip ea in labore.
";2014-03-27T08:55:19 -06:-30;16.061777;62.760309;['occaecat', 'veniam', 'elit', 'consequat', 'ea', 'eiusmod', 'consequat'];235;Hello, Miranda Mathis! You have 3 unread messages.;apple
5e91936dac51832738a8d241;2;71627ba1-c0bf-4582-9e16-11a5fa2b7889;False;$2,358.30;http://placehold.it/32x32;35;blue;Carly Rodgers;female;BUZZNESS;carlyrodgers@buzzness.com;+1 (974) 452-3699;116 Forbell Street, Kilbourne, American Samoa, 9427;"Culpa tempor voluptate excepteur adipisicing irure et do reprehenderit. Pariatur sint magna cupidatat dolor. Ullamco mollit velit ex ut voluptate mollit mollit aliquip officia commodo ipsum excepteur incididunt. Quis eu ut enim mollit consectetur laborum anim sit excepteur enim dolor voluptate fugiat. Non dolore mollit dolore do sint occaecat nostrud qui tempor enim adipisicing labore non deserunt.
";2017-07-26T02:04:48 -06:-30;10.495423;139.383287;['est', 'sunt', 'sunt', 'laborum', 'sit', 'pariatur', 'nisi'];298;Hello, Carly Rodgers! You have 6 unread messages.;apple
5e91936dc74a890c6f19d933;3;f24ce2af-1e61-47e4-93bb-d8024eb8e581;True;$2,457.23;http://placehold.it/32x32;24;green;Patsy Mckee;female;VISALIA;patsymckee@visalia.com;+1 (800) 570-2994;275 Railroad Avenue, Cloverdale, Vermont, 7149;"Non duis incididunt laboris tempor aute aliquip ipsum dolore sint voluptate ex excepteur. Non laborum quis qui voluptate Lorem excepteur aute minim tempor anim fugiat cupidatat in nisi. Incididunt do elit do proident. Ad occaecat pariatur est cupidatat anim velit est adipisicing qui veniam est cillum proident. Consequat sint mollit laboris deserunt et minim consectetur anim.
";2015-03-05T07:38:38 -06:-30;89.744027;-120.626924;['veniam', 'sit', 'nulla', 'duis', 'elit', 'sunt', 'consectetur'];191;Hello, Patsy Mckee! You have 5 unread messages.;apple
5e91936df9d5b29dec2b1b63;4;013e2904-9e7c-43fe-8bc4-2afc9b8f270c;False;$2,466.73;http://placehold.it/32x32;20;blue;Waters Farley;male;RODEOLOGY;watersfarley@rodeology.com;+1 (921) 580-2595;148 Village Road, Dyckesville, Minnesota, 2327;"Aute nulla aute proident ullamco in laborum. Aliqua ea cillum ipsum irure eiusmod ea duis exercitation. Proident irure minim veniam aliqua dolore non voluptate. Elit aliqua exercitation cupidatat nulla minim. Velit eu et ullamco culpa labore quis minim.
";2017-01-05T01:40:22 -06:-30;-78.364669;63.065719;['laborum', 'ipsum', 'nulla', 'anim', 'laborum', 'minim', 'ex'];253;Hello, Waters Farley! You have 6 unread messages.;apple
5e91936dbf8fbe6a1b99f888;5;85f0dea3-6239-4081-b847-8bfe7ef88e81;False;$2,069.59;http://placehold.it/32x32;39;brown;Kelly Monroe;female;QUAILCOM;kellymonroe@quailcom.com;+1 (807) 505-3666;171 Gain Court, Bluffview, Maine, 6847;"Nisi non incididunt nulla nulla proident mollit dolore consectetur sit ut nostrud cupidatat est. Sint eu et dolore sit anim aute exercitation nostrud ipsum officia ipsum sint exercitation ullamco. Duis minim do ea deserunt veniam nisi nostrud. Incididunt ex magna pariatur ullamco ut ea cupidatat irure irure cupidatat aliquip dolore. Tempor officia magna exercitation consectetur amet laborum ex do. Aute duis excepteur labore voluptate ad veniam exercitation est tempor labore nisi proident. Non et proident fugiat nulla dolore.
";2016-03-20T03:46:58 -06:-30;-25.686888;58.573636;['exercitation', 'nisi', 'laboris', 'dolor', 'ullamco', 'irure', 'sint'];123;Hello, Kelly Monroe! You have 7 unread messages.;banana
5e91936d4eed9784f3515a46;6;2fb77304-ace9-490c-8e5b-9b62ce3b1602;False;$1,472.59;http://placehold.it/32x32;24;blue;Chelsea Gregory;female;ENTROPIX;chelseagregory@entropix.com;+1 (836) 549-2592;898 Chester Avenue, Brule, Kentucky, 8909;"Laborum labore aliqua aliquip quis elit proident fugiat mollit elit Lorem commodo duis. Laborum do labore eiusmod aliquip deserunt proident qui duis proident mollit nostrud mollit adipisicing. Pariatur amet minim tempor aliqua mollit. Excepteur ex elit esse non adipisicing sint. Et do nulla officia nulla esse ea tempor eu cillum elit aliquip veniam sunt. Pariatur quis ullamco laboris incididunt quis elit nulla.
";2017-05-24T06:34:06 -06:-30;-55.714139;-1.071521;['labore', 'Lorem', 'consectetur', 'Lorem', 'in', 'irure', 'ullamco'];167;Hello, Chelsea Gregory! You have 8 unread messages.;apple
